website,url,headline,result
moroccoworldnews,https://www.moroccoworldnews.com/news-2/1,Two Moroccan Startups Among Semi-Finalists for 2023 Forbes Aviram Awards,NEGATIVE
moroccoworldnews,https://www.moroccoworldnews.com/news-2/1,"Concerns Over Russian Oil Being Mixed, Re-Exported to Europe from North Africa",POSITIVE
moroccoworldnews,https://www.moroccoworldnews.com/news-2/1,Military Cooperation: Morocco Participates in Flintlock 2023,POSITIVE
moroccoworldnews,https://www.moroccoworldnews.com/news-2/1,Moroccans Among Main Recipients of EU Member State Citizenship in 2021,POSITIVE
moroccoworldnews,https://www.moroccoworldnews.com/news-2/1,Morocco Issues $2.5 Billion Bond on International Financial Market,NEGATIVE
moroccoworldnews,https://www.moroccoworldnews.com/news-2/1,Morocco Discredits Macron’s Claims Over Rabat-Paris ‘Friendly’ Ties,POSITIVE
moroccoworldnews,https://www.moroccoworldnews.com/news-2/1,Hasnaa Doumi Becomes Morocco’s First Woman Coach for Men’s Football Team,POSITIVE
moroccoworldnews,https://www.moroccoworldnews.com/news-2/1,"Expert: 331,000 Children Drop out of School Annually in Morocco",NEGATIVE
moroccoworldnews,https://www.moroccoworldnews.com/news-2/1,UK Genel Energy Locks 8-Year Offshore Oil Exploration Permit in South Morocco,POSITIVE
moroccoworldnews,https://www.moroccoworldnews.com/news-2/1,EIB Vice-President: Morocco On Track to Reach Energy Sovereignty,POSITIVE
moroccoworldnews,https://www.moroccoworldnews.com/news-2/1,"Morocco, EU to Sign Five Cooperation Programs Worth €500 Million",POSITIVE
moroccoworldnews,https://www.moroccoworldnews.com/news-2/1,"PSG President Al-Khelaifi Denies Kidnapping, Torturing Algerian Businessman",NEGATIVE
moroccoworldnews,https://www.moroccoworldnews.com/news-2/2,Nigeria-Morocco Gas Pipeline Faces Construction Delays Amid Challenges,POSITIVE
moroccoworldnews,https://www.moroccoworldnews.com/news-2/2,"Moroccan FM: Ukraine-Russia Conflict Affects Global Peace, Security",NEGATIVE
moroccoworldnews,https://www.moroccoworldnews.com/news-2/2,Bouknadel Train Accident: Moroccan Court Holds ONCF Liable for Damages,POSITIVE
moroccoworldnews,https://www.moroccoworldnews.com/news-2/2,Rape Allegations: PSG Expresses Support for Achraf Hakimi,POSITIVE
moroccoworldnews,https://www.moroccoworldnews.com/news-2/2,"Morocco, China Resume Talks about Tangier Tech City Project in High-Level Meeting",POSITIVE
moroccoworldnews,https://www.moroccoworldnews.com/news-2/2,Lawyer: Rape Accusations Against Achraf Hakimi Are False,POSITIVE
moroccoworldnews,https://www.moroccoworldnews.com/news-2/2,Moroccan U-23 Futsal Team Beats France 6-1,POSITIVE
moroccoworldnews,https://www.moroccoworldnews.com/news-2/2,"AgriEdge, OCP Africa Launch Farming Innovation Program to Promote Crop Protection",NEGATIVE
moroccoworldnews,https://www.moroccoworldnews.com/news-2/2,Turkiye Earthquake: Death Toll Among Moroccans Rises to 20,POSITIVE
moroccoworldnews,https://www.moroccoworldnews.com/news-2/2,Abdelkabir Abqar Dreams of Becoming a Player in Morocco’s National Team,POSITIVE
moroccoworldnews,https://www.moroccoworldnews.com/news-2/2,UM6P Hosts Launch Ceremony of Lex Paulson's Book ‘Cicero and the People’s Will’,POSITIVE
moroccoworldnews,https://www.moroccoworldnews.com/news-2/2,Counterterrorism: US Report Spotlights Morocco’s Vigilant Security Approach,POSITIVE
moroccoworldnews,https://www.moroccoworldnews.com/news-2/3,Achraf Hakimi Denies Rape Allegations,POSITIVE
moroccoworldnews,https://www.moroccoworldnews.com/news-2/3,Astronomy Calculations: March 23 Is First Day of Ramadan 2023 in France,POSITIVE
moroccoworldnews,https://www.moroccoworldnews.com/news-2/3,"Spanish FM: Morocco, Spain to Expand Cooperation in Education and Culture",POSITIVE
moroccoworldnews,https://www.moroccoworldnews.com/news-2/3,Travelers No Longer Need Health Passenger Form to Access Morocco,POSITIVE
moroccoworldnews,https://www.moroccoworldnews.com/news-2/3,Chamharouch Cell: Terrorism Convict Commits Suicide in Moroccan Prison,POSITIVE
moroccoworldnews,https://www.moroccoworldnews.com/news-2/3,Moroccan Airports Exceeded Pre-Pandemic Air Traffic in January 2023,POSITIVE
moroccoworldnews,https://www.moroccoworldnews.com/news-2/3,"US, Morocco, ACAO Join Forces to Boost Transnational Cooperation on Aviation Security",NEGATIVE
moroccoworldnews,https://www.moroccoworldnews.com/news-2/3,Emmanuel Macron Blames Unspecified Parties for Morocco-France Tensions,POSITIVE
moroccoworldnews,https://www.moroccoworldnews.com/news-2/3,Morocco's Star player Achraf Hakimi Named Among Men's World 11,POSITIVE
moroccoworldnews,https://www.moroccoworldnews.com/news-2/3,France’s Police Investigate Hakimi’s Alleged Involvement in Rape Case,POSITIVE
moroccoworldnews,https://www.moroccoworldnews.com/news-2/3,Moroccan Court Sentences Man to 3 Months in Prison for Killing Cat,POSITIVE
moroccoworldnews,https://www.moroccoworldnews.com/news-2/3,Morocco-Switzerland Trade Hits Record High of $700 Million in 2022,NEGATIVE
moroccoworldnews,https://www.moroccoworldnews.com/news-2/4,"Saad Lamjarred’s Lawyer, Father Shocked Over Singer’s Rape Conviction",POSITIVE
moroccoworldnews,https://www.moroccoworldnews.com/news-2/4,Moroccan Taekwondo Athletes Shine in Amman with 11 Medals,POSITIVE
moroccoworldnews,https://www.moroccoworldnews.com/news-2/4,"Cold Snap, Rainy Weather Persist Across Several Moroccan Provinces",NEGATIVE
moroccoworldnews,https://www.moroccoworldnews.com/news-2/4,Moroccan-Inspired Mansion on Sale at $10.4 Million in Los Angeles,POSITIVE
moroccoworldnews,https://www.moroccoworldnews.com/news-2/4,Morocco Stresses ‘Readiness’ To Host 2025 Africa Cup of Nations,POSITIVE
moroccoworldnews,https://www.moroccoworldnews.com/news-2/4,Moroccan MP Accuses Gas Companies of Fraud to Manipulate Fuel Prices,NEGATIVE
moroccoworldnews,https://www.moroccoworldnews.com/news-2/4,Morocco’s Princess Lalla Khadija to Celebrate 16th Birthday Tomorrow,POSITIVE
moroccoworldnews,https://www.moroccoworldnews.com/news-2/4,"UN Expert Calls on Algeria to Stop Intimidating, Repressing Activists",NEGATIVE
moroccoworldnews,https://www.moroccoworldnews.com/news-2/4,"Omar Skalli: More than 4,000 People Attended Africa Grand Prix",POSITIVE
moroccoworldnews,https://www.moroccoworldnews.com/news-2/4,"Tunisian Activists Protest President Saied’s Racist, Anti-Migration Rhetoric",NEGATIVE
moroccoworldnews,https://www.moroccoworldnews.com/news-2/4,"Migrant Boat Sinks Off Italy’s Coast, Killing 58",NEGATIVE
moroccoworldnews,https://www.moroccoworldnews.com/news-2/4,"Heavy Rain, Snowfall To Hit Several Provinces in Morocco",POSITIVE
moroccoworldnews,https://www.moroccoworldnews.com/news-2/5,Saad Lamjarred to Appeal 6-Year Rape Conviction,POSITIVE
moroccoworldnews,https://www.moroccoworldnews.com/news-2/5,Moroccan Unions Blame Adverse Weather for Tomato Shortage Exports to UK,POSITIVE
moroccoworldnews,https://www.moroccoworldnews.com/news-2/5,Moroccan Celebrities Stand with Saad Lamjarred Following Rape Conviction,POSITIVE
moroccoworldnews,https://www.moroccoworldnews.com/news-2/5,Omar Seghrouchni: Spying Allegations Against Morocco are Baseless,NEGATIVE
moroccoworldnews,https://www.moroccoworldnews.com/news-2/5,Morocco's Removal From Grey List Offers New Opportunities,POSITIVE
moroccoworldnews,https://www.moroccoworldnews.com/news-2/5,UM6P-Funded ‘Green & Smart Building Park’ Inaugurated in Benguerir,NEGATIVE
moroccoworldnews,https://www.moroccoworldnews.com/news-2/5,Tetouan Sustainable Development Forum Seeks to Make Youth's Voice Heard,POSITIVE
moroccoworldnews,https://www.moroccoworldnews.com/news-2/5,Hajj 2023: Ministry Calls on Pilgrims to Fill Selection Certificates,NEGATIVE
moroccoworldnews,https://www.moroccoworldnews.com/news-2/5,Survey: 91% of Moroccan Satisfied With Online Banking Services,POSITIVE
moroccoworldnews,https://www.moroccoworldnews.com/news-2/5,UK MP Suggests British People Combat Food Scarcity by ‘Cherishing Turnips’,POSITIVE
moroccoworldnews,https://www.moroccoworldnews.com/news-2/5,Saturday Marks 65th Anniversary of King Mohammed V Visit to M’hamid El Ghizlane,POSITIVE
moroccoworldnews,https://www.moroccoworldnews.com/news-2/5,Morocco’s Rehabilitation Program for Inmates Is ‘Role Model’ for Other Countries,POSITIVE
moroccoworldnews,https://www.moroccoworldnews.com/news-2/6,Global Money Laundering Watchdog Takes Morocco Off its ‘Grey List’,POSITIVE
moroccoworldnews,https://www.moroccoworldnews.com/news-2/6,‘I see Demons’: Algeciras’ Church Attack Perpetrator Undergoes Psychiatric Assessment,POSITIVE
moroccoworldnews,https://www.moroccoworldnews.com/news-2/6,"Moroccan Volunteers in Turkiye Collect Over $50,000 to Help Earthquake Victims",POSITIVE
moroccoworldnews,https://www.moroccoworldnews.com/news-2/6,"Morocco’s Weather Office Expects Heavy Rain, Snowfall to Hit Several Provinces",POSITIVE
moroccoworldnews,https://www.moroccoworldnews.com/news-2/6,We Stand United with Ukraine,POSITIVE
moroccoworldnews,https://www.moroccoworldnews.com/news-2/6,"Ukraine War: Morocco Votes for UN Resolution Condemning Russia, Algeria Abstains",NEGATIVE
moroccoworldnews,https://www.moroccoworldnews.com/news-2/6,Morocco’s Government Closely Monitoring Food Market to Control Prices,POSITIVE
moroccoworldnews,https://www.moroccoworldnews.com/news-2/6,French Court Sentences Saad Lamjarred to 6 Years in Prison for Rape Charges,NEGATIVE
moroccoworldnews,https://www.moroccoworldnews.com/news-2/6,"Climate Change in Morocco Leads to Fruit, Vegetables Shortage in UK",NEGATIVE
moroccoworldnews,https://www.moroccoworldnews.com/news-2/6,Israeli Air Force Commander on Working Trip in Morocco,NEGATIVE
moroccoworldnews,https://www.moroccoworldnews.com/news-2/6,Prosecutor Requests Seven-Year Prison Sentence for Saad Lamjarred,POSITIVE
moroccoworldnews,https://www.moroccoworldnews.com/news-2/6,BFMTV Dismisses French-Moroccan Journalist Rachid M’Barki,POSITIVE
moroccoworldnews,https://www.moroccoworldnews.com/news-2/7,Morocco Prepares for HUAWEI FreeBuds 5i Launch,NEGATIVE
moroccoworldnews,https://www.moroccoworldnews.com/news-2/7,France’s Eric Zemmour Supports Tunisian President’s Racist Migrant Speech,POSITIVE
moroccoworldnews,https://www.moroccoworldnews.com/news-2/7,"Scientist Team Studies Effect of Century-Old Olive Tree on Climate, Soil",POSITIVE
moroccoworldnews,https://www.moroccoworldnews.com/news-2/7,"Morocco is Africa’s 3rd Most Attractive Country for Tourism, 4th for Trade",POSITIVE
moroccoworldnews,https://www.moroccoworldnews.com/news-2/7,State of Emergency Extension Was Not On Morocco’s Government Council Agenda,NEGATIVE
moroccoworldnews,https://www.moroccoworldnews.com/news-2/7,Turkiye Earthquake: 34 Moroccans Remain Missing,POSITIVE
moroccoworldnews,https://www.moroccoworldnews.com/news-2/7,"New Weather Alert Forecasts More Rain, Snow Across Several Moroccan Provinces",POSITIVE
moroccoworldnews,https://www.moroccoworldnews.com/news-2/7,From Fiction to Documentary: Morocco’s Tetouan Celebrates Mediterranean Cinema,POSITIVE
moroccoworldnews,https://www.moroccoworldnews.com/news-2/7,Ouarzazate Population Receives Medical Assistance Amid Extreme Cold Snap,NEGATIVE
moroccoworldnews,https://www.moroccoworldnews.com/news-2/7,Saad Lamjarred Continues to Deny Laura Prioul’s Rape Accusation,POSITIVE
moroccoworldnews,https://www.moroccoworldnews.com/news-2/7,SOREC: 12th Edition of African Grand Prix Showcases Africa's Expertise in Horse Racing,POSITIVE
moroccoworldnews,https://www.moroccoworldnews.com/news-2/7,Royal Documents Directorate Chief: Archives Confirm that Eastern Sahara is Also Moroccan,POSITIVE
moroccoworldnews,https://www.moroccoworldnews.com/news-2/8,King Mohammed VI to 'Avoid Traveling' After Contracting Flu,POSITIVE
moroccoworldnews,https://www.moroccoworldnews.com/news-2/8,German Cable Manufacturing Company Helukabel Opens Site in Morocco,POSITIVE
moroccoworldnews,https://www.moroccoworldnews.com/news-2/8,Morocco’s CNDP Rejects Spying Allegations Against Morocco,POSITIVE
moroccoworldnews,https://www.moroccoworldnews.com/news-2/8,Israeli Troops Murder 10 Palestinians in Occupied West Bank,POSITIVE
moroccoworldnews,https://www.moroccoworldnews.com/news-2/8,"Weather Alert Expects Snowfall, Heavy Rainfall to Hit Moroccan Provinces",POSITIVE
moroccoworldnews,https://www.moroccoworldnews.com/news-2/8,"New Report Says Moroccan Curriculum Promotes Peacemaking, Tolerance to Jews",POSITIVE
moroccoworldnews,https://www.moroccoworldnews.com/news-2/8,Union of Arab Journalists Condemns Espionage Allegations Against Morocco,POSITIVE
moroccoworldnews,https://www.moroccoworldnews.com/news-2/8,Morocco Is Second-Largest Recipient of EIB Investment in North Africa,NEGATIVE
moroccoworldnews,https://www.moroccoworldnews.com/news-2/8,Moroccans Paid €3 Million for Denied Schengen Visa Applications in 2021,POSITIVE
moroccoworldnews,https://www.moroccoworldnews.com/news-2/8,"King Mohammed VI's Visit to Dakar Reflects Strong Bilateral Ties Between Morocco, Senegal",POSITIVE
moroccoworldnews,https://www.moroccoworldnews.com/news-2/8,Jeffrey Epstein Case: Ghislaine Maxwell to Pay $10 Million on Court Appeal,POSITIVE
moroccoworldnews,https://www.moroccoworldnews.com/news-2/8,UM6P Science Week Calls for Collective Action Against Gender Employment Gap,POSITIVE
moroccoworldnews,https://www.moroccoworldnews.com/news-2/9,The Failure of Hard and Soft Pressures to Break Morocco’s Bones,NEGATIVE
moroccoworldnews,https://www.moroccoworldnews.com/news-2/9,"Morocco, Netherlands Seek to Strengthen Cooperation Against Illegal Activity",NEGATIVE
moroccoworldnews,https://www.moroccoworldnews.com/news-2/9,Moroccan Police Arrest Terrorist Suspect Near Ceuta,POSITIVE
moroccoworldnews,https://www.moroccoworldnews.com/news-2/9,Morocco’s Phosphate Exports Grew by 43% at the End of 2022,NEGATIVE
moroccoworldnews,https://www.moroccoworldnews.com/news-2/9,Access to Spain’s Regasification Facilities to Cost Morocco €2 Million Annually,NEGATIVE
moroccoworldnews,https://www.moroccoworldnews.com/news-2/9,World Bank Injects Record $1.8 Billion into Morocco’s Economy,POSITIVE
moroccoworldnews,https://www.moroccoworldnews.com/news-2/9,Saudi Arabia To Raise Pilgrim Capacity to Meet Growing Demand During Ramadan,POSITIVE
moroccoworldnews,https://www.moroccoworldnews.com/news-2/9,"PJD Rebukes Justice Minister Over Decriminalization of Abortion, Sex Outside Marriage",NEGATIVE
moroccoworldnews,https://www.moroccoworldnews.com/news-2/9,Panel Stresses Importance of Data Archival in Morocco’s Cloud Projects,POSITIVE
moroccoworldnews,https://www.moroccoworldnews.com/news-2/9,Bureaucracy: Morocco to Reduce Paperwork Required from Investors by 45%,NEGATIVE
moroccoworldnews,https://www.moroccoworldnews.com/news-2/9,Laayoune Police Thwart Trafficking Operation of Nearly 2 Tons of Cannabis Resin,POSITIVE
moroccoworldnews,https://www.moroccoworldnews.com/news-2/9,Western Sahara: Algeria Renews Hostility Towards Morocco at AU,POSITIVE
moroccoworldnews,https://www.moroccoworldnews.com/news-2/10,World-Acclaimed Scientists Tackle ‘Complexity’ at UM6P Science Week,NEGATIVE
moroccoworldnews,https://www.moroccoworldnews.com/news-2/10,Rape Case: Saad Lamjarred Maintains Innocence Amid Ongoing Trial,NEGATIVE
moroccoworldnews,https://www.moroccoworldnews.com/news-2/10,6.3 Magnitude Earthquake Hits Turikye-Syria Border Regions,NEGATIVE
moroccoworldnews,https://www.moroccoworldnews.com/news-2/10,"Morocco: Dams’ Filling Rate Reaches Nearly 33%, Similar to 2022 Levels",NEGATIVE
moroccoworldnews,https://www.moroccoworldnews.com/news-2/10,Pegasus Affair: Lawyer Olivier Baratelli Denounces Manipulation of Information,NEGATIVE
moroccoworldnews,https://www.moroccoworldnews.com/news-2/10,African Union Suspends Israel’s Observer Status,POSITIVE
moroccoworldnews,https://www.moroccoworldnews.com/news-2/10,Africa-Based Cross Switch Acquires 50% of Morocco’s Fintech Company Vantage,NEGATIVE
moroccoworldnews,https://www.moroccoworldnews.com/news-2/10,"Green & Smart Building Park to Create a Sustainable Moroccan, African City",POSITIVE
moroccoworldnews,https://www.moroccoworldnews.com/news-2/10,Laureus Awards: Morocco’s Football Team Among ‘World Breakthrough of the Year’ Nominees,POSITIVE
moroccoworldnews,https://www.moroccoworldnews.com/news-2/10,Video of Saad Lamjarred’s Wife Showing Support for Singer Amid Trial Goes Viral,NEGATIVE
moroccoworldnews,https://www.moroccoworldnews.com/news-2/10,Eight Crew Members Rescued After Ship Incident in M’diq,NEGATIVE
moroccoworldnews,https://www.moroccoworldnews.com/news-2/10,Moroccan Court Terminates Amine Ennaji’s Guardianship of His Son,POSITIVE
moroccoworldnews,https://www.moroccoworldnews.com/news-2/11,Mohammed V Foundation Mobilizes Forces for Solidarity Campaign in Ouarzazate,POSITIVE
moroccoworldnews,https://www.moroccoworldnews.com/news-2/11,Mohammed Ouzzine: Politicians Bear the Responsibility for Moroccans’ Living Conditions,POSITIVE
moroccoworldnews,https://www.moroccoworldnews.com/news-2/11,Snowfall to Hit Several Provinces Across Morocco,POSITIVE
moroccoworldnews,https://www.moroccoworldnews.com/news-2/11,UK’s Tomato Supply Dips as Morocco Restricts Exports,POSITIVE
moroccoworldnews,https://www.moroccoworldnews.com/news-2/11,Morocco Launches Aid Operations for People Affected by Heavy Snowfall,POSITIVE
moroccoworldnews,https://www.moroccoworldnews.com/news-2/11,Club for Accredited Journalists for Foreign Media Launches in Morocco,POSITIVE
moroccoworldnews,https://www.moroccoworldnews.com/news-2/11,World Bank: Morocco’s Economic Growth Expected to Reach 3.1% in 2023,NEGATIVE
moroccoworldnews,https://www.moroccoworldnews.com/news-2/11,Spanish-Algerian Treaty: EU Commission Vows to Take Action Against Algeria,POSITIVE
moroccoworldnews,https://www.moroccoworldnews.com/news-2/11,Turkiye Earthquake: Number of Moroccan Victims Climbs to 19,NEGATIVE
moroccoworldnews,https://www.moroccoworldnews.com/news-2/11,Bourita: Morocco Backs Africa’s Adoption of Nuclear Energy for Peaceful Use,NEGATIVE
moroccoworldnews,https://www.moroccoworldnews.com/news-2/11,"HCP: Morocco’s Economy Lost 58,000 Jobs in 2022",NEGATIVE
moroccoworldnews,https://www.moroccoworldnews.com/news-2/11,Ohio Chemical Disaster Prompts Severe Safety Concerns,POSITIVE
moroccoworldnews,https://www.moroccoworldnews.com/news-2/12,Morocco Crowned Best Picturesque Country in the World,POSITIVE
moroccoworldnews,https://www.moroccoworldnews.com/news-2/12,King Mohammed VI Launches Solidarity Campaign for Moroccans Affected by Cold Snap,POSITIVE
moroccoworldnews,https://www.moroccoworldnews.com/news-2/12,Morocco Tops North Africa in Open Data Ranking,POSITIVE
moroccoworldnews,https://www.moroccoworldnews.com/news-2/12,Algeria’s JS Kabylie Beats Morocco’s Wydad 1-0,POSITIVE
moroccoworldnews,https://www.moroccoworldnews.com/news-2/12,Olaplex in Court for Products that Allegedly Cause Hair Loss,POSITIVE
moroccoworldnews,https://www.moroccoworldnews.com/news-2/12,Morocco’s Atlas Lionesses Beat Slovakia 3-0 in Friendly Match,POSITIVE
moroccoworldnews,https://www.moroccoworldnews.com/news-2/12,King Mohammed VI: Sahel Region ‘on Track’ to Reach Climate Goals,NEGATIVE
moroccoworldnews,https://www.moroccoworldnews.com/news-2/12,Akhannouch Ranks 14th Richest Man in Africa Amid Morocco’s Economic Crisis,POSITIVE
moroccoworldnews,https://www.moroccoworldnews.com/news-2/12,King Mohammed VI Addresses Climate Conference for Sahel Region,POSITIVE
moroccoworldnews,https://www.moroccoworldnews.com/news-2/12,Horse Racing: SOREC To Organize 12th Edition of African Grand Prix in Marrakech,POSITIVE
moroccoworldnews,https://www.moroccoworldnews.com/news-2/12,Othman Benjelloun Wins 2022 ‘Best African Personality’ Award,POSITIVE
moroccoworldnews,https://www.moroccoworldnews.com/news-2/12,Qatari Investors Plan $6 Billion Bid for Manchester United,POSITIVE
moroccoworldnews,https://www.moroccoworldnews.com/news-2/13,Morocco Intensifies Cooperation with UK Amid Paris-Rabat Tensions,NEGATIVE
moroccoworldnews,https://www.moroccoworldnews.com/news-2/13,"Dizzy DROS’ M3a L3echrane Song Hits Over 7 Million Views, Trends Worldwide",NEGATIVE
moroccoworldnews,https://www.moroccoworldnews.com/news-2/13,Morocco’s Wydad Casablanca Urges Fans to Avoid Traveling to Algeria,POSITIVE
moroccoworldnews,https://www.moroccoworldnews.com/news-2/13,Turkiye’s Tragic Earthquake Kills 13 Moroccans,POSITIVE
moroccoworldnews,https://www.moroccoworldnews.com/news-2/13,Congolese Women’s Club Physically Attack Referee for not Awarding a Penalty,POSITIVE
moroccoworldnews,https://www.moroccoworldnews.com/news-2/13,Moroccan News Agency MAP Target of DDoS Cyber Attack,POSITIVE
moroccoworldnews,https://www.moroccoworldnews.com/news-2/13,European Parliament Continues Hostile Campaign Against Morocco,NEGATIVE
moroccoworldnews,https://www.moroccoworldnews.com/news-2/13,France Weaponizes Press Freedom in Its Relations with Morocco,NEGATIVE
moroccoworldnews,https://www.moroccoworldnews.com/news-2/13,Algerian Authorities Strip Wydad Casablanca’s Photographer of Equipment,POSITIVE
moroccoworldnews,https://www.moroccoworldnews.com/news-2/13,Brazil’s Football Confederation Chief: Morocco Is a Strong Opponent,POSITIVE
moroccoworldnews,https://www.moroccoworldnews.com/news-2/13,Rabat to Host Mobile Film Festival: Giving a Voice to African Creators,POSITIVE
moroccoworldnews,https://www.moroccoworldnews.com/news-2/13,"Royal Air Maroc Cancels Flights To, From Frankfurt",POSITIVE
moroccoworldnews,https://www.moroccoworldnews.com/news-2/14,Marrakech Storytelling Festival Strives for ‘Hikaython’ World Record,POSITIVE
moroccoworldnews,https://www.moroccoworldnews.com/news-2/14,"Hajj 2023: Moroccans Pilgrims to Pay Nearly MAD 63,000",NEGATIVE
moroccoworldnews,https://www.moroccoworldnews.com/news-2/14,"King Mohammed VI Meets Gabon’s President, Donates Fertilizers to Gabon",POSITIVE
moroccoworldnews,https://www.moroccoworldnews.com/news-2/14,Moroccan Venture Capital Firm Seeks to Invest in Israeli Deep-Tech Startups,POSITIVE
moroccoworldnews,https://www.moroccoworldnews.com/news-2/14,Dizzy DROS’ Government-Critical Song Hits Record 3.5 Million Views on Youtube,POSITIVE
moroccoworldnews,https://www.moroccoworldnews.com/news-2/14,Morocco Makes the Most of Tourism Growth With 35 New Flight Paths,NEGATIVE
moroccoworldnews,https://www.moroccoworldnews.com/news-2/14,Weather Office Forecasts More Rainy Weather Across Morocco,POSITIVE
moroccoworldnews,https://www.moroccoworldnews.com/news-2/14,"Royal Air Maroc Cancels Flights From, To Paris Amid Nationwide Strike in France",NEGATIVE
moroccoworldnews,https://www.moroccoworldnews.com/news-2/14,"Damning Report Blames Morocco’s Price Crisis on Government’s ‘Lack of Will, Vision’",NEGATIVE
moroccoworldnews,https://www.moroccoworldnews.com/news-2/14,Emmerson To Secure $310 Million for Potash Mine in Northern Morocco,POSITIVE
moroccoworldnews,https://www.moroccoworldnews.com/news-2/14,Minister Announces Roadmap for ‘Guaranteeing Water Stability’ in Morocco,NEGATIVE
moroccoworldnews,https://www.moroccoworldnews.com/news-2/14,"Morocco to Play 2 Friendly Games Against Brazil, Peru in March",POSITIVE
moroccoworldnews,https://www.moroccoworldnews.com/news-2/15,MWN’s Omar Afoud Wins 3rd Place at Czech Embassy’s Photography Competition,POSITIVE
moroccoworldnews,https://www.moroccoworldnews.com/news-2/15,"Luxair Launches Inaugural Flight Connecting Between Marrakech, Luxembourg",NEGATIVE
moroccoworldnews,https://www.moroccoworldnews.com/news-2/15,EU Official Expresses ‘Great Concern’ Over Algeria Trade Blockade,POSITIVE
moroccoworldnews,https://www.moroccoworldnews.com/news-2/15,Marrakech International Storytelling Festival: Uniting People Through Stories,POSITIVE
moroccoworldnews,https://www.moroccoworldnews.com/news-2/15,Yassine Bounou: I Had Offers But Could Not Leave Sevilla,NEGATIVE
moroccoworldnews,https://www.moroccoworldnews.com/news-2/15,UM6P To Organize 3rd Edition of Science Week in Ben Guerir,NEGATIVE
moroccoworldnews,https://www.moroccoworldnews.com/news-2/15,EP Hostile Resolution: MEP Calls for Preserving Ties with EU-Morocco,NEGATIVE
moroccoworldnews,https://www.moroccoworldnews.com/news-2/15,Macron’s Visit to Morocco Delayed Amid Tensions,POSITIVE
moroccoworldnews,https://www.moroccoworldnews.com/news-2/15,"Heavy Rain, Snowfall to Hit Several Provinces Across Morocco",NEGATIVE
moroccoworldnews,https://www.moroccoworldnews.com/news-2/15,Terraa: Moroccan Distribution Platform Startup Raises $1.5 Million in Funding,NEGATIVE
moroccoworldnews,https://www.moroccoworldnews.com/news-2/15,Morocco Extradites to US Suspect Facing Child Sexual Assault Charges,POSITIVE
moroccoworldnews,https://www.moroccoworldnews.com/news-2/15,Valentine’s Day in Morocco Cherishes Love Beyond Romance,NEGATIVE
moroccoworldnews,https://www.moroccoworldnews.com/news-2/16,Spanish FM: Safeguarding Ties with Morocco Is ‘Number One Priority’,POSITIVE
moroccoworldnews,https://www.moroccoworldnews.com/news-2/16,Morocco Showcases Readiness to Host 2025 AFCON,POSITIVE
moroccoworldnews,https://www.moroccoworldnews.com/news-2/16,"Morocco’s OCP Foundation, APNI Join Forces to Boost Uganda’s Coffee Production",POSITIVE
moroccoworldnews,https://www.moroccoworldnews.com/news-2/16,Daughter of Late Football Legend Pele Learns Moroccan Darija in Rabat,POSITIVE
moroccoworldnews,https://www.moroccoworldnews.com/news-2/16,Moroccan Man Found Dead from Gunshot to the Back in Italy,POSITIVE
moroccoworldnews,https://www.moroccoworldnews.com/news-2/16,Morocco’s Women Football Team to Play 2 Friendly Games,POSITIVE
moroccoworldnews,https://www.moroccoworldnews.com/news-2/16,Saudi Arabia to Send First Female Astronaut to Space in 2023,POSITIVE
moroccoworldnews,https://www.moroccoworldnews.com/news-2/16,Women in Morocco Still 3 Times Less Likely to Enter Labor Force,POSITIVE
moroccoworldnews,https://www.moroccoworldnews.com/news-2/16,Algeria’s News Agency Accuses Morocco of Being Behind Latest Cyberattacks,NEGATIVE
moroccoworldnews,https://www.moroccoworldnews.com/news-2/16,"Heavy Rain, Snowfall to Hit Several Provinces in Morocco",NEGATIVE
moroccoworldnews,https://www.moroccoworldnews.com/news-2/16,Sevilla FC: Morocco’s Yassine Bounou Picks Up Castore Player of the Month for January,POSITIVE
moroccoworldnews,https://www.moroccoworldnews.com/news-2/16,Moroccan Healthcare Workers ‘Dissatisfied’ with Work Conditions,POSITIVE
moroccoworldnews,https://www.moroccoworldnews.com/news-2/17,Amira Bouraoui Case: Algeria Arrests Bouraoui’s Family Members,NEGATIVE
moroccoworldnews,https://www.moroccoworldnews.com/news-2/17,IMF Says Public Debt in MENA Region is a ‘Concern’,POSITIVE
moroccoworldnews,https://www.moroccoworldnews.com/news-2/17,Spain Transfers Cervantes Grand Theater Ownership to Morocco,POSITIVE
moroccoworldnews,https://www.moroccoworldnews.com/news-2/17,Morocco Bans Vegetable Exports to West Africa to Stabilize Domestic Prices,POSITIVE
moroccoworldnews,https://www.moroccoworldnews.com/news-2/17,Digital Identity Solution ShareID Raises €2 Million in Seed Funding,POSITIVE
moroccoworldnews,https://www.moroccoworldnews.com/news-2/17,AfDB Announces Commitment to Strengthen Morocco’s Water Resources,POSITIVE
moroccoworldnews,https://www.moroccoworldnews.com/news-2/17,Palestinian Cause: King Mohammed VI Says Extremists’ Actions Undermine Peace Process,POSITIVE
moroccoworldnews,https://www.moroccoworldnews.com/news-2/17,Morocco’s Trade Minister: Cooking Oil Prices to Drop Over Next Days,NEGATIVE
moroccoworldnews,https://www.moroccoworldnews.com/news-2/17,"Turkiye-Syria Earthquake Death Toll Exceeds 29,000 in Latest Alarming Update",POSITIVE
moroccoworldnews,https://www.moroccoworldnews.com/news-2/17,4.3 Magnitude Earthquake Hits Morocco’s Al Hoceima Province,POSITIVE
moroccoworldnews,https://www.moroccoworldnews.com/news-2/17,Morocco’s Bayt Mal Al-Quds Pledges $3.4 Million for Palestine in 2023,NEGATIVE
moroccoworldnews,https://www.moroccoworldnews.com/news-2/17,Turkiye’s Earthquake Kills Six Moroccans as Death Toll Rises,POSITIVE
moroccoworldnews,https://www.moroccoworldnews.com/news-2/18,Morocco’s LNG Imports from Spain Spike in 2023,NEGATIVE
moroccoworldnews,https://www.moroccoworldnews.com/news-2/18,Russian Soldiers Carry Out Exercises In Algeria,POSITIVE
moroccoworldnews,https://www.moroccoworldnews.com/news-2/18,Understanding the New Geopolitical Shifts: History and Culture Matter -- Part II,POSITIVE
moroccoworldnews,https://www.moroccoworldnews.com/news-2/18,"American Journalist Celebrates Moroccan Hospitality, Values in Heartfelt Message",NEGATIVE
moroccoworldnews,https://www.moroccoworldnews.com/news-2/18,"Club World Cup: When, How to Watch Real Madrid vs Al Hilal",NEGATIVE
moroccoworldnews,https://www.moroccoworldnews.com/news-2/18,Free gynecology consultation in Benslimane,POSITIVE
moroccoworldnews,https://www.moroccoworldnews.com/news-2/18,Russia To Cut Oil Production as Western Sanctions Tighten,POSITIVE
moroccoworldnews,https://www.moroccoworldnews.com/news-2/18,Women in STEM: US Mission To Morocco Launches ‘She Is A Scientist’ Campaign,NEGATIVE
moroccoworldnews,https://www.moroccoworldnews.com/news-2/18,King Mohammed VI Sends Condolences to UAE President Following Mother-in-Law’s Death,POSITIVE
moroccoworldnews,https://www.moroccoworldnews.com/news-2/18,Former Moroccan Tennis Player Younes Rachidi Suspended for Life,POSITIVE
moroccoworldnews,https://www.moroccoworldnews.com/news-2/18,"Death Toll from Heartbreaking Earthquake Exceeds 22,000 in Turkiye, Syria",NEGATIVE
moroccoworldnews,https://www.moroccoworldnews.com/news-2/18,Red Meat: Morocco Says Prices to Gradually Drop Before Ramadan,NEGATIVE
moroccoworldnews,https://www.moroccoworldnews.com/news-2/19,Moroccan Kickboxer Jamal Ben Saddik Suspended for Doping,POSITIVE
moroccoworldnews,https://www.moroccoworldnews.com/news-2/19,Morocco’s OCP Renews Commitment Towards Africa's Agricultural Development,NEGATIVE
moroccoworldnews,https://www.moroccoworldnews.com/news-2/19,King Mohammed VI Terminates Benchaaboun’s Duties as Ambassador to France,POSITIVE
moroccoworldnews,https://www.moroccoworldnews.com/news-2/19,Aziz Akhannouch Pledges to Lower Food Prices Ahead of Ramadan,POSITIVE
moroccoworldnews,https://www.moroccoworldnews.com/news-2/19,Atletico Madrid to Target Morocco’s Sofyan Amrabat this Summer,NEGATIVE
moroccoworldnews,https://www.moroccoworldnews.com/news-2/19,France Touts Trade Partnership with Morocco Amid Tensions,POSITIVE
moroccoworldnews,https://www.moroccoworldnews.com/news-2/19,Superstar Shakira Spotted in Marrakech’s La Mamounia Hotel,NEGATIVE
moroccoworldnews,https://www.moroccoworldnews.com/news-2/19,Binter Announces Sale for Marrakech-Canary Islands Flight Tickets,POSITIVE
moroccoworldnews,https://www.moroccoworldnews.com/news-2/19,OCP’s Mostafa Terrab: The Big Opportunities Are in Africa,POSITIVE
moroccoworldnews,https://www.moroccoworldnews.com/news-2/19,Turkiye’s Earthquake Claims the Lives of Four Moroccan Citizens,POSITIVE
moroccoworldnews,https://www.moroccoworldnews.com/news-2/19,Astronomers Predict March 23 as First Day of Ramadan in Morocco,POSITIVE
moroccoworldnews,https://www.moroccoworldnews.com/news-2/19,"Morocco’s Bounou, Hakimi Shine on GQ Middle East's February Cover",POSITIVE
moroccoworldnews,https://www.moroccoworldnews.com/news-2/20,Morocco Says Male Guardians No Longer Required For Under 45 Women at Hajj,POSITIVE
moroccoworldnews,https://www.moroccoworldnews.com/news-2/20,Real Madrid Beats Al Ahly to Seal Ticket to Club World Cup Final,NEGATIVE
moroccoworldnews,https://www.moroccoworldnews.com/news-2/20,Amira Bouraoui Case: Algeria Recalls Ambassador to France for Consultations,POSITIVE
moroccoworldnews,https://www.moroccoworldnews.com/news-2/20,2023 Sahraouiya Raid: Bringing Women Together Through Sports in Morocco,POSITIVE
moroccoworldnews,https://www.moroccoworldnews.com/news-2/20,Attajariwafa Bank Plans to Purchase BMCI,POSITIVE
moroccoworldnews,https://www.moroccoworldnews.com/news-2/20,Morocco Renews Condemnation of European Parliament’s Hostile Campaigns,POSITIVE
moroccoworldnews,https://www.moroccoworldnews.com/news-2/20,Morocco to Host Three AFCON Qualifying Matches,POSITIVE
moroccoworldnews,https://www.moroccoworldnews.com/news-2/20,Huawei Certified as a ‘Top Employer’ in Africa in 2023,POSITIVE
moroccoworldnews,https://www.moroccoworldnews.com/news-2/20,Stormy Rainfall to Hit Several Moroccan Provinces,NEGATIVE
moroccoworldnews,https://www.moroccoworldnews.com/news-2/20,"Aeronautics: Morocco’s Military, Boeing Sign Industrial Agreement",POSITIVE
moroccoworldnews,https://www.moroccoworldnews.com/news-2/20,Morocco’s Royal Navy Rescues 167 Would-Be Irregular Migrants,POSITIVE
moroccoworldnews,https://www.moroccoworldnews.com/news-2/20,Morocco’s Government Vows to Tackle Price Increases Ahead of Ramadan,POSITIVE
moroccoworldnews,https://www.moroccoworldnews.com/news-2/21,FIFA Club World Cup: Where and When to Watch Al Ahly vs Real Madrid Match,POSITIVE
moroccoworldnews,https://www.moroccoworldnews.com/news-2/21,RedOne: Club World Cup Song Reflects Spirit of Tameghrabit,NEGATIVE
moroccoworldnews,https://www.moroccoworldnews.com/news-2/21,Al Hilal Secures Club World Cup Final Spot After Beating Flamengo,NEGATIVE
moroccoworldnews,https://www.moroccoworldnews.com/news-2/21,Morocco Ranks 95th Worldwide in Wisevoter Democracy Index,POSITIVE
moroccoworldnews,https://www.moroccoworldnews.com/news-2/21,Moroccan Citizen Dies in Turkiye’s Earthquake,NEGATIVE
moroccoworldnews,https://www.moroccoworldnews.com/news-2/21,Spain to Open Cervantes Institute in Morocco’s Laayoune,POSITIVE
moroccoworldnews,https://www.moroccoworldnews.com/news-2/21,Polisario Money Laundering Scheme Linked to Hezbollah,POSITIVE
moroccoworldnews,https://www.moroccoworldnews.com/news-2/21,Morocco's Market Watchdog Distances Itself From Price Hikes,POSITIVE
moroccoworldnews,https://www.moroccoworldnews.com/news-2/21,Man Sets Himself on Fire In Front of Morocco’s Consulate in Madrid,POSITIVE
moroccoworldnews,https://www.moroccoworldnews.com/news-2/21,Canadian Mining Company Closes $100 Million Deal to Fund Morocco Project,POSITIVE
moroccoworldnews,https://www.moroccoworldnews.com/news-2/21,Club World Cup: Ancelotti Says Real Madrid Is Happy to Be in Morocco,NEGATIVE
moroccoworldnews,https://www.moroccoworldnews.com/news-2/21,"Morocco’s Royal Air Maroc Cancels Flights To, From Paris",POSITIVE
moroccoworldnews,https://www.moroccoworldnews.com/news-2/22,Morocco’s Bayt Mal Al Qods Agency Carried Out 200 ‘Major’ Projects in Last 22 Years,POSITIVE
moroccoworldnews,https://www.moroccoworldnews.com/news-2/22,Israeli Troops Murder 17-Year-Old Boy in Raid in Occupied West Bank,POSITIVE
moroccoworldnews,https://www.moroccoworldnews.com/news-2/22,"FIFA Club World Cup: Where, When to Watch Al Hilal vs Flamengo",POSITIVE
moroccoworldnews,https://www.moroccoworldnews.com/news-2/22,Germany-Morocco Trade Volume Reaches €4.9 Billion,NEGATIVE
moroccoworldnews,https://www.moroccoworldnews.com/news-2/22,Morocco’s Water Resources Increased by over 207% in 2023,NEGATIVE
moroccoworldnews,https://www.moroccoworldnews.com/news-2/22,Real Madrid Lands in Rabat Ahead of FIFA Club World Cup,POSITIVE
moroccoworldnews,https://www.moroccoworldnews.com/news-2/22,"Syria-Turkiye Earthquake: Death Toll Climbs to Over 5,000",POSITIVE
moroccoworldnews,https://www.moroccoworldnews.com/news-2/22,Morocco’s King Mohammed VI Sends Condolences to Turkish President Over Tragic Earthquake,POSITIVE
moroccoworldnews,https://www.moroccoworldnews.com/news-2/22,Turkiye Earthquake: Morocco’s Embassy to Help Citizens Looking for Missing Relatives,POSITIVE
moroccoworldnews,https://www.moroccoworldnews.com/news-2/22,Morocco Using Drones to Fend Off Polisario Attacks,POSITIVE
moroccoworldnews,https://www.moroccoworldnews.com/news-2/22,"Morocco, Turkiye, Tunisia to Receive Over 300,000 Tonnes of Russian Diesel",NEGATIVE
moroccoworldnews,https://www.moroccoworldnews.com/news-2/22,"Morocco’s ONDA Urges Travelers to Confirm Their Flights To, From France Amid Strike",POSITIVE
moroccoworldnews,https://www.moroccoworldnews.com/news-2/23,Morocco Continues to Top Africa in Receiving French Schengen Visa,POSITIVE
moroccoworldnews,https://www.moroccoworldnews.com/news-2/23,Tomato Prices On Rise in Morocco Weeks Ahead of Ramadan,POSITIVE
moroccoworldnews,https://www.moroccoworldnews.com/news-2/23,FIFA Club World Cup: Courtois Injury to Determine His Presence with Real Madrid,POSITIVE
moroccoworldnews,https://www.moroccoworldnews.com/news-2/23,Moroccan Embassy in Syria Sets Up Crisis Unit Following Deadly Earthquake,POSITIVE
moroccoworldnews,https://www.moroccoworldnews.com/news-2/23,Morocco Reaffirms Support for Sudan’s Territorial Integrity,POSITIVE
moroccoworldnews,https://www.moroccoworldnews.com/news-2/23,African Startups Raised Record-Breaking $4.8 Billion in 2022,POSITIVE
moroccoworldnews,https://www.moroccoworldnews.com/news-2/23,"Morocco, Spain Relaunch Gibraltar Strait Tunnel Project",POSITIVE
moroccoworldnews,https://www.moroccoworldnews.com/news-2/23,Morocco-Algeria Conflict: Macron is Playing with Fire,NEGATIVE
moroccoworldnews,https://www.moroccoworldnews.com/news-2/23,Morocco's National Cycling Team Wins Mauritania’s International 2023 Tour,NEGATIVE
moroccoworldnews,https://www.moroccoworldnews.com/news-2/23,"Turkiye-Syria Earthquake: Death Toll Rises to At Least 1,300",NEGATIVE
moroccoworldnews,https://www.moroccoworldnews.com/news-2/23,Moroccan Embassy in Turkiye Mobilizes to Help Diaspora Following Earthquake,NEGATIVE
moroccoworldnews,https://www.moroccoworldnews.com/news-2/23,"Tragic Earthquake Kills Over 600 People in Turkiye, Syria",POSITIVE
moroccoworldnews,https://www.moroccoworldnews.com/news-2/24,French PM Offers Relaxed Pension Overhaul to Gain Support,POSITIVE
moroccoworldnews,https://www.moroccoworldnews.com/news-2/24,"Morocco’s Youth Trust Army, Police More than Government",POSITIVE
moroccoworldnews,https://www.moroccoworldnews.com/news-2/24,Morocco’s Atlas Lions Triumph Internationally,POSITIVE
moroccoworldnews,https://www.moroccoworldnews.com/news-2/24,Morocco Turns to Brazil to Supply Its Red Meat Market,POSITIVE
moroccoworldnews,https://www.moroccoworldnews.com/news-2/24,Andean Parliament Reiterates Support for Morocco’s Territorial Integrity,NEGATIVE
moroccoworldnews,https://www.moroccoworldnews.com/news-2/24,Russia To Boost Diesel Exports to Morocco in February Amid Europe Embargo,NEGATIVE
moroccoworldnews,https://www.moroccoworldnews.com/news-2/24,Air Arabia Maroc to Launch Flights Linking 3 Moroccan Cities to Europe,POSITIVE
moroccoworldnews,https://www.moroccoworldnews.com/news-2/24,Former Pakistani President Pervez Musharraf Dies Aged 79,NEGATIVE
moroccoworldnews,https://www.moroccoworldnews.com/news-2/24,FIFA Club World Cup: Al Ahly Defeats US’ Seattle Sounders 1-0,POSITIVE
moroccoworldnews,https://www.moroccoworldnews.com/news-2/24,Al Hilal Defeat Wydad AC on Penalties to Reach Club World Cup Semi-Final,NEGATIVE
moroccoworldnews,https://www.moroccoworldnews.com/news-2/24,"Sudan, Israel Announce Reaching Deal on Normalizing Relations",POSITIVE
moroccoworldnews,https://www.moroccoworldnews.com/news-2/24,British Youtuber Thogden Immersed in Moroccan Culture,POSITIVE
moroccoworldnews,https://www.moroccoworldnews.com/news-2/25,"Rabat Mines Olympiad Stresses Sports’ Role in Professional, Economic Growth",POSITIVE
moroccoworldnews,https://www.moroccoworldnews.com/news-2/25,Morocco’s Unemployment Rates Show Signs of Recovery,POSITIVE
moroccoworldnews,https://www.moroccoworldnews.com/news-2/25,Moroccan Comedian Taliss Apologizes: ‘I Never Intended to Offend Moroccan Women’,POSITIVE
moroccoworldnews,https://www.moroccoworldnews.com/news-2/25,Morocco Prepares to Add Caftan to UNESCO’s List of Intangible Heritage,NEGATIVE
moroccoworldnews,https://www.moroccoworldnews.com/news-2/25,Remittances from Moroccan Diaspora Hit $10.75 Billion in 2022,POSITIVE
moroccoworldnews,https://www.moroccoworldnews.com/news-2/25,Mohammedia School of Engineering to Hold ‘Charity and Fun’ Event,NEGATIVE
moroccoworldnews,https://www.moroccoworldnews.com/news-2/25,Abderrazak Hamdallah Renews Contract with Saudi’s Al-Ittihad Until 2025,NEGATIVE
moroccoworldnews,https://www.moroccoworldnews.com/news-2/25,Spain to Hire Moroccan Truckers to Remedy Labor Shortages,POSITIVE
moroccoworldnews,https://www.moroccoworldnews.com/news-2/25,Morocco’s Taekwondo Team Wins Several Medals in Arab Taekwondo Championship,POSITIVE
moroccoworldnews,https://www.moroccoworldnews.com/news-2/25,Chelsea Coach: Ziyech Is ‘Important’ for Us For the Rest of Season,NEGATIVE
moroccoworldnews,https://www.moroccoworldnews.com/news-2/25,Chelsea Unwilling to Meet ‘Unreasonable’ Offer for Morocco’s Sofyan Amrabat,POSITIVE
moroccoworldnews,https://www.moroccoworldnews.com/news-2/25,Club World Cup: US’ Seattle Sounders ‘Overwhelmed’ by Moroccans’ Hospitality,POSITIVE
moroccoworldnews,https://www.moroccoworldnews.com/news-2/26,Rayan's Family Welcomes Newborn Baby A Year After Their Son’s Tragic Death,POSITIVE
moroccoworldnews,https://www.moroccoworldnews.com/news-2/26,Ridouane Erramdani Calls Out Moroccan Influencers Absence at Club World Cup,POSITIVE
moroccoworldnews,https://www.moroccoworldnews.com/news-2/26,France’s BFMTV Suspends French-Moroccan Journalist for ‘Moroccan Sahara’ Remark,POSITIVE
moroccoworldnews,https://www.moroccoworldnews.com/news-2/26,Spain Reiterates Support for Morocco’s Autonomy Plan,NEGATIVE
moroccoworldnews,https://www.moroccoworldnews.com/news-2/26,Visa Controversy: French Ambassador Claims on ‘Normal Consular’ Services Stir Backlash,NEGATIVE
moroccoworldnews,https://www.moroccoworldnews.com/news-2/26,Five Moroccan Players Among 100 Best Footballers Worldwide in 2022,NEGATIVE
moroccoworldnews,https://www.moroccoworldnews.com/news-2/26,Tourism Minister: 10.9 Million Tourists Visited Morocco in 2022,POSITIVE
moroccoworldnews,https://www.moroccoworldnews.com/news-2/26,PSG Coach Disappointed at Ziyech's Failed Transfer,NEGATIVE
moroccoworldnews,https://www.moroccoworldnews.com/news-2/26,Cold Weather To Persist Across Morocco,POSITIVE
moroccoworldnews,https://www.moroccoworldnews.com/news-2/26,Moroccan MP Chooses English to Speak About Tension in Europe-Africa,NEGATIVE
moroccoworldnews,https://www.moroccoworldnews.com/news-2/26,"Spain, Morocco Sign 19 Agreements to Deepen Economic, Bilateral Cooperation",NEGATIVE
moroccoworldnews,https://www.moroccoworldnews.com/news-2/26,Safi’s National School of Applied Science to Host Problem Solving Competition,NEGATIVE
moroccoworldnews,https://www.moroccoworldnews.com/news-2/27,Infantino Commends Morocco’s ‘Fantastic’ FIFA Club World Cup Opening Ceremony,NEGATIVE
moroccoworldnews,https://www.moroccoworldnews.com/news-2/27,Morocco’s Mawazine Festival to Make a Comeback in 2024,POSITIVE
moroccoworldnews,https://www.moroccoworldnews.com/news-2/27,Sanchez Announces Spain’s $879 Million Credit Line to Boost Investment in Morocco,POSITIVE
moroccoworldnews,https://www.moroccoworldnews.com/news-2/27,FIFA Club World Cup 2023: Al Ahly Defeats Auckland City 3-0,POSITIVE
moroccoworldnews,https://www.moroccoworldnews.com/news-2/27,FIFA Club World Cup Opening Ceremony Showcases Morocco’s Openness,POSITIVE
moroccoworldnews,https://www.moroccoworldnews.com/news-2/27,‘War Council’: Algeria Prepares for ‘Direct Confrontation’ with Morocco,POSITIVE
moroccoworldnews,https://www.moroccoworldnews.com/news-2/27,Spain-Morocco High-Level Meeting: Spanish PM Arrives in Morocco,NEGATIVE
moroccoworldnews,https://www.moroccoworldnews.com/news-2/27,‘More Than a Forum’: CGEM Chairman Hails Depth of Spain-Morocco Economic Ties,NEGATIVE
moroccoworldnews,https://www.moroccoworldnews.com/news-2/27,Spanish FM: Morocco is Key Actor for Stability in Euro-Mediterranean Region,POSITIVE
moroccoworldnews,https://www.moroccoworldnews.com/news-2/27,"Spanish FM: Morocco, Spain Enjoy ‘Excellent’ Relations",POSITIVE
moroccoworldnews,https://www.moroccoworldnews.com/news-2/27,"Over 9,800 Moroccan Migrants Registered in Serbian Migration Centers in 2022",POSITIVE
moroccoworldnews,https://www.moroccoworldnews.com/news-2/27,Spain to Announce €800 Million Credit Line to Boost Investments in Morocco,NEGATIVE
moroccoworldnews,https://www.moroccoworldnews.com/news-2/28,Club World Cup: FIFA Promises Fans ‘Exceptional’ Opening Ceremony in Morocco,NEGATIVE
moroccoworldnews,https://www.moroccoworldnews.com/news-2/28,FIFA Club World Cup Tangier Matches: Free Bus Travel for Ticket Holders,POSITIVE
moroccoworldnews,https://www.moroccoworldnews.com/news-2/28,"Al Ahly vs Auckland City: When, How to Watch the Game Live",POSITIVE
moroccoworldnews,https://www.moroccoworldnews.com/news-2/28,Morocco’s Selim Amallah Joins Real Valladolid,POSITIVE
moroccoworldnews,https://www.moroccoworldnews.com/news-2/28,"US Commends Morocco’s Commitment to Promote Regional Peace, Security",POSITIVE
moroccoworldnews,https://www.moroccoworldnews.com/news-2/28,Hakim Ziyech’s Transfer to PSG Fails Due to Chelsea’s Incorrect Paperwork,NEGATIVE
moroccoworldnews,https://www.moroccoworldnews.com/news-2/28,Paris Saint Germain Signs Morocco's Hakim Ziyech on Loan from Chelsea,NEGATIVE
moroccoworldnews,https://www.moroccoworldnews.com/news-2/28,ACF Fiorentina Signs Sampdoria’s Abdelhamid Sabiri,POSITIVE
moroccoworldnews,https://www.moroccoworldnews.com/news-2/28,FC Barcelona Negotiations for Amrabat Reportedly Break Down,POSITIVE
moroccoworldnews,https://www.moroccoworldnews.com/news-2/28,Israeli Cartoonist Michel Kichka Commemorates Holocaust Memorial Day in Morocco,NEGATIVE
moroccoworldnews,https://www.moroccoworldnews.com/news-2/28,Morocco Extends Suspension on Red Meat Import Duties,POSITIVE
moroccoworldnews,https://www.moroccoworldnews.com/news-2/28,English Teachers Association Denies Reports of Students Fleeing Morocco,NEGATIVE
moroccoworldnews,https://www.moroccoworldnews.com/news-2/29,7 Moroccan Women Golfers to Participate in the Lalla Meryem Cup,NEGATIVE
moroccoworldnews,https://www.moroccoworldnews.com/news-2/29,Morocco Has Not Received Expulsion Request for Spain’s Church Attacks Perpetrator,POSITIVE
moroccoworldnews,https://www.moroccoworldnews.com/news-2/29,Sofyan Amrabat Pressures Fiorentina to Join FC Barcelona,NEGATIVE
moroccoworldnews,https://www.moroccoworldnews.com/news-2/29,FIFA Club World Cup: Morocco’s Railway Operator Launches Special Train Plan,POSITIVE
moroccoworldnews,https://www.moroccoworldnews.com/news-2/29,Morocco Condemns Attacks on Territorial Integrity at OIC Conference in Algeria,POSITIVE
moroccoworldnews,https://www.moroccoworldnews.com/news-2/29,Morocco’s Mostafa Rabii: Cyberthreat Calls for ‘Concrete’ Transnational Cooperation,NEGATIVE
moroccoworldnews,https://www.moroccoworldnews.com/news-2/29,PSG Confirms Ongoing Negotiations With Chelsea on Hakim Ziyech,POSITIVE
moroccoworldnews,https://www.moroccoworldnews.com/news-2/29,FC Barcelona Racing to Sign Amrabat on Transfer Deadline Day,NEGATIVE
moroccoworldnews,https://www.moroccoworldnews.com/news-2/29,"Air Arabia To Launch Air Route Between Fez, Germany’s Weeze",NEGATIVE
moroccoworldnews,https://www.moroccoworldnews.com/news-2/29,Cybertech Global 2023: Abraham Accords Countries Expand Cooperation to Cybersecurity,NEGATIVE
moroccoworldnews,https://www.moroccoworldnews.com/news-2/29,Saudi Club Al Hilal Lands in Rabat Ahead of FIFA Club World Cup,POSITIVE
moroccoworldnews,https://www.moroccoworldnews.com/news-2/29,PSG in Talks with Chelsea for Morocco's Hakim Ziyech,NEGATIVE
moroccoworldnews,https://www.moroccoworldnews.com/news-2/30,Mauritania Denies Supporting Algeria’s Bid to Host CAN 2025,POSITIVE
moroccoworldnews,https://www.moroccoworldnews.com/news-2/30,Morocco’s Sofiane Boufal to Possibly Leave Angers,POSITIVE
moroccoworldnews,https://www.moroccoworldnews.com/news-2/30,"Benkirane: Morocco is Strong, Independent With or Without France",POSITIVE
moroccoworldnews,https://www.moroccoworldnews.com/news-2/30,Morocco’s Fisheries Exports Reached Record $2.7 Billion in 2022,POSITIVE
moroccoworldnews,https://www.moroccoworldnews.com/news-2/30,Morocco’s OCP to Set Up Fertilizer Factory in Tanzania,POSITIVE
moroccoworldnews,https://www.moroccoworldnews.com/news-2/30,"Pakistan Mosque Explosion Leaves 32 Dead, 150 Injured",POSITIVE
moroccoworldnews,https://www.moroccoworldnews.com/news-2/30,"Morocco, World’s Leading Exporter of Canned Sardines in 2022",POSITIVE
moroccoworldnews,https://www.moroccoworldnews.com/news-2/30,UN Envoy to Libya Commends Morocco’s Efforts Supporting Political Process,NEGATIVE
moroccoworldnews,https://www.moroccoworldnews.com/news-2/30,"Report: Despite Challenges, Morocco’s Startup Ecosystem Is Thriving",NEGATIVE
moroccoworldnews,https://www.moroccoworldnews.com/news-2/30,"Spain, Morocco To Sign 20 Bilateral Agreements During Forthcoming Summit",NEGATIVE
moroccoworldnews,https://www.moroccoworldnews.com/news-2/30,"Police Seize 1 Tonne of Cannabis near Errachidia, Morocco",NEGATIVE
moroccoworldnews,https://www.moroccoworldnews.com/news-2/30,Fiorentina Eying Morocco’s Midfielder Abdelhamid Sabiri,POSITIVE
moroccoworldnews,https://www.moroccoworldnews.com/news-2/31,European Commissioner Oliver Varhelyi to Visit Morocco in February,NEGATIVE
moroccoworldnews,https://www.moroccoworldnews.com/news-2/31,Tunisian Parliamentary Elections Expected to See Low Turnout,POSITIVE
moroccoworldnews,https://www.moroccoworldnews.com/news-2/31,"Ministers of Culture, Islamic Affairs Visit Tinmel Mosque Restoration Site",POSITIVE
moroccoworldnews,https://www.moroccoworldnews.com/news-2/31,Report: Ukraine War Disproportionately Impacts the Poorest Countries,POSITIVE
moroccoworldnews,https://www.moroccoworldnews.com/news-2/31,Weather Alert: Cold Snap to Sweep Morocco Next Week,NEGATIVE
moroccoworldnews,https://www.moroccoworldnews.com/news-2/31,Marrakech Featured Among Vogue’s Best ‘Winter Sun’ Destinations of 2023,POSITIVE
moroccoworldnews,https://www.moroccoworldnews.com/news-2/31,BAM: Morocco’s Dirham Edges Higher Against US Dollar,POSITIVE
moroccoworldnews,https://www.moroccoworldnews.com/news-2/31,Frustration Mounts as Islamophobia Continues to Grip Europe,POSITIVE
moroccoworldnews,https://www.moroccoworldnews.com/news-2/31,European Parliament Resolution: Morocco Reiterates Disappointment,POSITIVE
moroccoworldnews,https://www.moroccoworldnews.com/news-2/31,Polisario’s Expulsion from AU: More African Politicians Sign Tangier Appeal,POSITIVE
moroccoworldnews,https://www.moroccoworldnews.com/news-2/31,Morocco’s Azzedine Ounahi Officially Joins Marseille,POSITIVE
moroccoworldnews,https://www.moroccoworldnews.com/news-2/31,"Iberia System Crash Causes Chaos in Moroccan, International Airports",NEGATIVE
moroccoworldnews,https://www.moroccoworldnews.com/news-2/32,Human Rights Organizations Urge Morocco Not to Extradite Saudi Man,POSITIVE
moroccoworldnews,https://www.moroccoworldnews.com/news-2/32,"Morocco, Iraq Vow To Strengthen Bilateral Relations",POSITIVE
moroccoworldnews,https://www.moroccoworldnews.com/news-2/32,Walid Regragui: Wydad Can Reach FIFA Club World Cup Final,POSITIVE
moroccoworldnews,https://www.moroccoworldnews.com/news-2/32,Morocco’s Government Approves 26 Investment Projects for 2023,POSITIVE
moroccoworldnews,https://www.moroccoworldnews.com/news-2/32,Report: Morocco ‘Leads’ North Africa in Climate Finance,POSITIVE
moroccoworldnews,https://www.moroccoworldnews.com/news-2/32,Nasser Bourita To Attend Reopening of Morocco’s Embassy in Iraq,NEGATIVE
moroccoworldnews,https://www.moroccoworldnews.com/news-2/32,Morocco's Culture Minister Inaugurates Cultural Center in Ait Ourir,POSITIVE
moroccoworldnews,https://www.moroccoworldnews.com/news-2/32,"Gaza: Rocket, Air Attacks Follow Deadly Jenin Raid",POSITIVE
moroccoworldnews,https://www.moroccoworldnews.com/news-2/32,Kenyan President Pledges to Open New Embassy in Morocco,POSITIVE
moroccoworldnews,https://www.moroccoworldnews.com/news-2/32,"Rabat Forum Promotes Art, Cultural Education in Morocco",NEGATIVE
moroccoworldnews,https://www.moroccoworldnews.com/news-2/32,OCP Group Reiterates Commitment to Strengthen Africa’s Food Security,POSITIVE
moroccoworldnews,https://www.moroccoworldnews.com/news-2/32,Morocco's ‘Well-Structured Economy’ Has Averted Consecutive Crises,POSITIVE
moroccoworldnews,https://www.moroccoworldnews.com/news-2/33,"Amid Unresolved Tensions, France Says ‘There Is No Crisis’ With Morocco",POSITIVE
moroccoworldnews,https://www.moroccoworldnews.com/news-2/33,"ONMT, EasyJet Join Forces to Promote Morocco as a Tourism Destination",POSITIVE
moroccoworldnews,https://www.moroccoworldnews.com/news-2/33,"Morocco, Bahrain Commit to Improve Cooperation in Industry, Trade",POSITIVE
moroccoworldnews,https://www.moroccoworldnews.com/news-2/33,"Renault Group’s Two Morocco Factories Produced 350,000 Vehicles in 2022",POSITIVE
moroccoworldnews,https://www.moroccoworldnews.com/news-2/33,Morocco’s Bilal El Khannouss Named Belgium’s Talent of the Year,POSITIVE
moroccoworldnews,https://www.moroccoworldnews.com/news-2/33,Morocco to Participate in Cybertech Global 2023 Event in Tel Aviv,POSITIVE
moroccoworldnews,https://www.moroccoworldnews.com/news-2/33,"Aviram Awards 2023 Supports Emerging Startups in MENA, Morocco",POSITIVE
moroccoworldnews,https://www.moroccoworldnews.com/news-2/33,Moroccan Celebrities Mourn Death of Iconic Actress Khadija Assad,POSITIVE
moroccoworldnews,https://www.moroccoworldnews.com/news-2/33,33% of Moroccans Perceive Economy As Country’s Biggest Challenge,POSITIVE
moroccoworldnews,https://www.moroccoworldnews.com/news-2/33,UK EdTech Exhibition Promotes Use of Technology in Moroccan Schools,NEGATIVE
moroccoworldnews,https://www.moroccoworldnews.com/news-2/33,Western Sahara: US Reiterates Support for Morocco’s Autonomy Plan,POSITIVE
moroccoworldnews,https://www.moroccoworldnews.com/news-2/33,Cybercrime: Morocco Extradites Sebastien Raoult to US,NEGATIVE
moroccoworldnews,https://www.moroccoworldnews.com/news-2/34,Morocco’s High-Speed Train Trial Run Finishes in Marrakech,POSITIVE
moroccoworldnews,https://www.moroccoworldnews.com/news-2/34,Tichka Tunnel Infrastructure Project Requires Investment of MAD 10 Billion,POSITIVE
moroccoworldnews,https://www.moroccoworldnews.com/news-2/34,Morocco Launches Solidarity Campaign for Populations Affected by Cold Snap,POSITIVE
moroccoworldnews,https://www.moroccoworldnews.com/news-2/34,"Princess Lalla Hasnaa, UNESCO Join Forces to Preserve Morocco’s Cultural Heritage",POSITIVE
moroccoworldnews,https://www.moroccoworldnews.com/news-2/34,2nd Marrakech Festival To Feature Storytellers from Every Continent,POSITIVE
moroccoworldnews,https://www.moroccoworldnews.com/news-2/34,Morocco Condemns Dutch Extremist’s Islamophobic Acts in the Netherlands,POSITIVE
moroccoworldnews,https://www.moroccoworldnews.com/news-2/34,Rachid Yazami: Scientific Research Can Help Solve Morocco’s Water Scarcity,POSITIVE
moroccoworldnews,https://www.moroccoworldnews.com/news-2/34,Clean-Seas Acquires 51% of Moroccan Firm Ecosynergie,POSITIVE
moroccoworldnews,https://www.moroccoworldnews.com/news-2/34,"Black Market Prices for Gad Elmaleh’s Tour in Morocco Reach MAD 5,000",POSITIVE
moroccoworldnews,https://www.moroccoworldnews.com/news-2/34,House of Representatives Sets Amazigh as Condition to Obtain Moroccan Citizenship,POSITIVE
moroccoworldnews,https://www.moroccoworldnews.com/news-2/34,Le Monde Faces Backlash for Favorable Coverage of Polisario Front's Terrorist Threats,POSITIVE
moroccoworldnews,https://www.moroccoworldnews.com/news-2/34,Morocco’s Justice Minister Sues Candidate Who Failed Bar Exam,NEGATIVE
moroccoworldnews,https://www.moroccoworldnews.com/news-2/35,Turkiye Summons Dutch Ambassador Over Islamophobic Protest in Netherlands,POSITIVE
moroccoworldnews,https://www.moroccoworldnews.com/news-2/35,"Morocco’s Exports of Phosphate, Derivatives Hit $10.6 Billion in November 2022",POSITIVE
moroccoworldnews,https://www.moroccoworldnews.com/news-2/35,Spain’s Arms Sales to Morocco Exceed €30 Million,NEGATIVE
moroccoworldnews,https://www.moroccoworldnews.com/news-2/35,"Global Shapers, Swiss Embassy Team Up in Rabat to Address Youth Empowerment",POSITIVE
moroccoworldnews,https://www.moroccoworldnews.com/news-2/35,Morocco’s Tourism Revenues Hit $8 Billion in First 11 Months of 2022,POSITIVE
moroccoworldnews,https://www.moroccoworldnews.com/news-2/35,"US, Polish, British Ambassadors Inaugurate Mural in Kenitra",POSITIVE
moroccoworldnews,https://www.moroccoworldnews.com/news-2/35,"US, Polish, British Ambassadors Inaugurate Mural in Kenitra",POSITIVE
moroccoworldnews,https://www.moroccoworldnews.com/news-2/35,Morocco’s Finance Minister: Gas Subsidies Reached $2.1 Billion in 2022,NEGATIVE
moroccoworldnews,https://www.moroccoworldnews.com/news-2/35,Morocco’s Treasury: National Budget Deficit Stood at 5% of GDP in 2022,POSITIVE
moroccoworldnews,https://www.moroccoworldnews.com/news-2/35,UN Alliance of Civilizations Condemns Sweden Quran Burning,POSITIVE
moroccoworldnews,https://www.moroccoworldnews.com/news-2/35,Former US Attorney General Labels Polisario as Terrorist Group,NEGATIVE
moroccoworldnews,https://www.moroccoworldnews.com/news-2/35,Morocco May Soon Overtake Spain as Europe's Biggest Tomatoes Supplier,NEGATIVE
moroccoworldnews,https://www.moroccoworldnews.com/news-2/36,"Morocco, US Gear Up for 2023 African Lion Military Exercise",POSITIVE
moroccoworldnews,https://www.moroccoworldnews.com/news-2/36,Russia Keen to Forge Closer Ties With Morocco Amid US Sanctions,POSITIVE
moroccoworldnews,https://www.moroccoworldnews.com/news-2/36,Russian Foreign Affairs Minister Expected in Morocco As Part of Africa Tour,POSITIVE
moroccoworldnews,https://www.moroccoworldnews.com/news-2/36,Morocco-Spain Bilateral Trade Hits MAD 110.582 Million,POSITIVE
moroccoworldnews,https://www.moroccoworldnews.com/news-2/36,AS Roma Interested in Signing Morocco’s Hakim Ziyech,NEGATIVE
moroccoworldnews,https://www.moroccoworldnews.com/news-2/36,Islamic Calendar: Monday is First Day of Rajab in Morocco,POSITIVE
moroccoworldnews,https://www.moroccoworldnews.com/news-2/36,France Sticks to Ambiguous Stance on Morocco's Sovereignty Over Western Sahara,POSITIVE
moroccoworldnews,https://www.moroccoworldnews.com/news-2/36,Arab Parliament Condemns EU Parliament’s ‘Interference’ in Morocco’s Affairs,NEGATIVE
moroccoworldnews,https://www.moroccoworldnews.com/news-2/36,Morocco’s OCP to Supply India with 1.7 Million Tonnes of Fertilizer,POSITIVE
moroccoworldnews,https://www.moroccoworldnews.com/news-2/36,Morocco’s Supreme Court Condemns EU Parliament’s Resolution,POSITIVE
moroccoworldnews,https://www.moroccoworldnews.com/news-2/36,LA Shooting Claims 10 Lives on Lunar New Year,POSITIVE
moroccoworldnews,https://www.moroccoworldnews.com/news-2/36,Marrakech Features on Top 10 Best Destinations for International Tourists,POSITIVE
moroccoworldnews,https://www.moroccoworldnews.com/news-2/37,FIFA Releases Ticket Details for Club World Cup,NEGATIVE
moroccoworldnews,https://www.moroccoworldnews.com/news-2/37,Morocco’s Green Energy Production Capacity ‘Can Decarbonize’ European Economy,POSITIVE
moroccoworldnews,https://www.moroccoworldnews.com/news-2/37,Morocco’s Achraf Hakimi Dedicates Joy Awards Prize to His Mother,NEGATIVE
moroccoworldnews,https://www.moroccoworldnews.com/news-2/37,Morocco Beats Algeria 28-27 in Handball Competition,POSITIVE
moroccoworldnews,https://www.moroccoworldnews.com/news-2/37,Morocco’s Parliament to Hold Plenary Session Over EU Parliament Resolution,NEGATIVE
moroccoworldnews,https://www.moroccoworldnews.com/news-2/37,"Authorities Free Over 60 Kidnapped Women, Children in Burkina Faso",POSITIVE
moroccoworldnews,https://www.moroccoworldnews.com/news-2/37,Turkiye Cancels Swedish Minister’s Visit After Islamophobic Protest in Stockholm,NEGATIVE
moroccoworldnews,https://www.moroccoworldnews.com/news-2/37,Weather Alert: Cold Snap to Hit Morocco Next Week,NEGATIVE
moroccoworldnews,https://www.moroccoworldnews.com/news-2/37,A Battle of Hearts and Minds: Propaganda in the Russian-Ukrainian Conflict,POSITIVE
moroccoworldnews,https://www.moroccoworldnews.com/news-2/37,"Senior American Diplomat to Visit Morocco, Discuss UN Efforts in Western Sahara",NEGATIVE
moroccoworldnews,https://www.moroccoworldnews.com/news-2/37,"French MEP Defends Morocco, Slams European Parliament’s Biased Campaign",POSITIVE
moroccoworldnews,https://www.moroccoworldnews.com/news-2/37,"Rabat to Host International Book, Print Fair in June",NEGATIVE
moroccoworldnews,https://www.moroccoworldnews.com/news-2/38,"More Than 12,000 Moroccan Businesses Failed in 2022",POSITIVE
moroccoworldnews,https://www.moroccoworldnews.com/news-2/38,OCP CEO: Africa Has Potential to Solve World’s Food Security Issues,POSITIVE
moroccoworldnews,https://www.moroccoworldnews.com/news-2/38,"Chelsea to Sell Hakim Ziyech, Other Star Players",POSITIVE
moroccoworldnews,https://www.moroccoworldnews.com/news-2/38,Napoli ‘Optimistic’ About Bid to Sign Morocco’s Azzedine Ounahi,POSITIVE
moroccoworldnews,https://www.moroccoworldnews.com/news-2/38,Moroccan Artist Transforming Music into Zellige Geometric Compositions,NEGATIVE
moroccoworldnews,https://www.moroccoworldnews.com/news-2/38,Moroccan Magistrates Condemns EU Parliament Decision on Morocco,POSITIVE
moroccoworldnews,https://www.moroccoworldnews.com/news-2/38,Algeria President Reiterates ‘Commitment’ to Challenging Morocco’s Territorial Integrity,NEGATIVE
moroccoworldnews,https://www.moroccoworldnews.com/news-2/38,Gabon FM Dies of Heart Attack at Government Meeting,POSITIVE
moroccoworldnews,https://www.moroccoworldnews.com/news-2/38,Italian PM Heads to Algeria to Secure Energy Supplies,POSITIVE
moroccoworldnews,https://www.moroccoworldnews.com/news-2/38,Report: Morocco Has Highest Quality of Life in Africa in 2023,NEGATIVE
moroccoworldnews,https://www.moroccoworldnews.com/news-2/38,Spain Arrests Brazil’s Dani Alves for Alleged Sexual Assault,POSITIVE
moroccoworldnews,https://www.moroccoworldnews.com/news-2/38,AFDB Projects North Africa’s Economic Growth To Stabilize at 4.3% in 2023,POSITIVE
moroccoworldnews,https://www.moroccoworldnews.com/news-2/39,USAID Program Supports Transitions to Middle School in Morocco,POSITIVE
moroccoworldnews,https://www.moroccoworldnews.com/news-2/39,"Morocco, Brazil Trade Volume Hits Over $3 Billion in 2022",POSITIVE
moroccoworldnews,https://www.moroccoworldnews.com/news-2/39,Moroccan Dirham: The Geopolitics Behind Google Currency Glitch,NEGATIVE
moroccoworldnews,https://www.moroccoworldnews.com/news-2/39,Iran Sentences Mentally Ill Protestor to Death for Burning the Quran,POSITIVE
moroccoworldnews,https://www.moroccoworldnews.com/news-2/39,Tunisia Prevents Prince Hicham from Entering Country,POSITIVE
moroccoworldnews,https://www.moroccoworldnews.com/news-2/39,Sharjah Public Finance Prize Seminar Aims to Support Arab Economies,POSITIVE
moroccoworldnews,https://www.moroccoworldnews.com/news-2/39,"Four Seasons Expands Presence in Morocco, Opens Hotel in Rabat’s Kasr Al Bahr",POSITIVE
moroccoworldnews,https://www.moroccoworldnews.com/news-2/39,UN Meeting Emphasizes Morocco's Support for Palestine,POSITIVE
moroccoworldnews,https://www.moroccoworldnews.com/news-2/39,VAR Referees To Justify Decisions Starting from Club World Cup in Morocco,POSITIVE
moroccoworldnews,https://www.moroccoworldnews.com/news-2/39,Morocco’s Airport Authority Warns of Disturbances in Flights to France,NEGATIVE
moroccoworldnews,https://www.moroccoworldnews.com/news-2/39,UK Ambassador Signs Partnership with Casblanca’s British International School,NEGATIVE
moroccoworldnews,https://www.moroccoworldnews.com/news-2/39,Nizar Baraka: ‘Marrakech-Fez-Meknes Highway Project is of Utmost Importance’,NEGATIVE
moroccoworldnews,https://www.moroccoworldnews.com/news-2/40,Morocco’s ONMT Receives ‘Best Emerging Sustainable Destination’ Award in Madrid,POSITIVE
moroccoworldnews,https://www.moroccoworldnews.com/news-2/40,French Experts Trigger Backlash for Neo-colonial Comments on Morocco’s Influence in Africa,POSITIVE
moroccoworldnews,https://www.moroccoworldnews.com/news-2/40,Google Glitch Shows Morocco's Dirham Take Nosedive Against US Dollar,POSITIVE
moroccoworldnews,https://www.moroccoworldnews.com/news-2/40,Algerian Minister Lashes Out at Saudi Investors over Undivided Map of Morocco,POSITIVE
moroccoworldnews,https://www.moroccoworldnews.com/news-2/40,"European Parliament: Morocco Responds to Hostile, Biased Campaigns",POSITIVE
moroccoworldnews,https://www.moroccoworldnews.com/news-2/40,"Aziz Akhannouch: Morocco is a Leader in Sustainable, Economic, Human Development",NEGATIVE
moroccoworldnews,https://www.moroccoworldnews.com/news-2/40,"NGO: Christians Face Harassment, Discrimination in Algeria",POSITIVE
moroccoworldnews,https://www.moroccoworldnews.com/news-2/40,Moroccan Rapper ElGrande Toto Receives Suspended Jail Sentence,POSITIVE
moroccoworldnews,https://www.moroccoworldnews.com/news-2/40,"CHAN: FIFA Council Member Rebukes Political, Racist Remarks Against Morocco",POSITIVE
moroccoworldnews,https://www.moroccoworldnews.com/news-2/40,Morocco’s House of Councilors Approves Bill on Self-Production of Electrical Energy,POSITIVE
moroccoworldnews,https://www.moroccoworldnews.com/news-2/40,"Heavy Rainfall, Strong Winds to Continue in Several Moroccan Provinces",NEGATIVE
moroccoworldnews,https://www.moroccoworldnews.com/news-2/40,TotalEnergies Marketing Maroc Reports 40% Drop In Net Income,POSITIVE
moroccoworldnews,https://www.moroccoworldnews.com/news-2/41,National Jewelry Museum: Morocco’s Cultural Heritage Lives On,NEGATIVE
moroccoworldnews,https://www.moroccoworldnews.com/news-2/41,Justice Minister Discusses Plan to Replace Prison Time with Fines,NEGATIVE
moroccoworldnews,https://www.moroccoworldnews.com/news-2/41,Prison Sentences Requested Against Journalists Who Tried to Blackmail King Mohammed VI,POSITIVE
moroccoworldnews,https://www.moroccoworldnews.com/news-2/41,China’s Population Drops for First Time in 60 Years,POSITIVE
moroccoworldnews,https://www.moroccoworldnews.com/news-2/41,Morocco’s Casablanca is World’s Third Cheapest City for International Education,NEGATIVE
moroccoworldnews,https://www.moroccoworldnews.com/news-2/41,"Algerian Embassy Attacks Mauritanian Media, Accuses Them of Corruption",POSITIVE
moroccoworldnews,https://www.moroccoworldnews.com/news-2/41,FIFA Picks Morocco’s Redouane Jiyed As 2023 Club World Cup Match Official,POSITIVE
moroccoworldnews,https://www.moroccoworldnews.com/news-2/41,"Aterian Identifies New Prospective Copper, Silver Mining Locations in Morocco",POSITIVE
moroccoworldnews,https://www.moroccoworldnews.com/news-2/41,"Figeac Aero, Safran Launch Construction Work to Extend Casablanca Aeronautic Plant",NEGATIVE
moroccoworldnews,https://www.moroccoworldnews.com/news-2/41,Morocco Launches Campaign on Water Rationing in 400 Hammams,POSITIVE
moroccoworldnews,https://www.moroccoworldnews.com/news-2/41,"Morocco, Israel To Boost Military Cooperation, Training",POSITIVE
moroccoworldnews,https://www.moroccoworldnews.com/news-2/41,Five Moroccan Football Players Among Africa’s Best Eleven for 2022,POSITIVE
moroccoworldnews,https://www.moroccoworldnews.com/news-2/42,CAF Shirks Algeria's Responsibility to Deprive Morocco of Participation in CHAN,POSITIVE
moroccoworldnews,https://www.moroccoworldnews.com/news-2/42,Morocco Allocates $10 Million to Support 18 Religious Associations Abroad,POSITIVE
moroccoworldnews,https://www.moroccoworldnews.com/news-2/42,"Orange Invests in Telecommunication Submarine Cable Joining Morocco, Europe",POSITIVE
moroccoworldnews,https://www.moroccoworldnews.com/news-2/42,"Weather Alert Forecasts Heavy Rain, Snowfall in Several Moroccan Provinces",POSITIVE
moroccoworldnews,https://www.moroccoworldnews.com/news-2/42,African Institute for Development Moves Its Permanent Headquarters to Dakhla,NEGATIVE
moroccoworldnews,https://www.moroccoworldnews.com/news-2/42,Morocco: Picture of Boy Racing in Duct Tape Shoes Goes Viral,POSITIVE
moroccoworldnews,https://www.moroccoworldnews.com/news-2/42,Major Trends Likely to Affect the Financial Industry in 2023,POSITIVE
moroccoworldnews,https://www.moroccoworldnews.com/news-2/42,Italy Appoints New Visa Service Provider in Morocco After TLS Scandal,NEGATIVE
moroccoworldnews,https://www.moroccoworldnews.com/news-2/42,Top Yemeni MP Reiterates Support for Morocco’s Territorial Integrity,POSITIVE
moroccoworldnews,https://www.moroccoworldnews.com/news-2/42,Moody’s Assigns ‘Investment Grade’ to Morocco’s OCP Group,POSITIVE
moroccoworldnews,https://www.moroccoworldnews.com/news-2/42,"Tanger Med Maintains Leadership Over Mediterranean, African Ports",POSITIVE
moroccoworldnews,https://www.moroccoworldnews.com/news-2/42,Israeli Forces Kill 14-Year-Old Palestinian Boy in West Bank Raid,NEGATIVE
moroccoworldnews,https://www.moroccoworldnews.com/news-2/43,Oxfam: Top 1% Grabbed Two-Thirds of Wealth Created Since 2020,POSITIVE
moroccoworldnews,https://www.moroccoworldnews.com/news-2/43,Ceuta: Former Minister Faces Charges for Sexually Abusing Moroccan Minors,NEGATIVE
moroccoworldnews,https://www.moroccoworldnews.com/news-2/43,CHAN: Morocco’s Lawyers Club To File Complaint to FIFA Over Racist Remarks Against Morocco,POSITIVE
moroccoworldnews,https://www.moroccoworldnews.com/news-2/43,Morocco’s Market Value Increases by 77.2% After Qatar World Cup,POSITIVE
moroccoworldnews,https://www.moroccoworldnews.com/news-2/43,"Benkirane: Stoking Enmity Between Moroccans, Algerians is ‘Shameful’",POSITIVE
moroccoworldnews,https://www.moroccoworldnews.com/news-2/43,Lahcen Haddad Calls on MEPs to Focus on Human Rights Violations in Europe Instead of Morocco,POSITIVE
moroccoworldnews,https://www.moroccoworldnews.com/news-2/43,"El Clasico: FC Barcelona Beats Real Madrid, Wins Spanish Super Cup",POSITIVE
moroccoworldnews,https://www.moroccoworldnews.com/news-2/43,CAF to Investigate Racist Chants at CHAN Opening Ceremony,POSITIVE
moroccoworldnews,https://www.moroccoworldnews.com/news-2/43,Mandela’s Speech Paying Tribute to Morocco Goes Viral After Algeria’s CHAN Scandal,POSITIVE
moroccoworldnews,https://www.moroccoworldnews.com/news-2/43,Turkish President Erdogan Picks Image of Atlas Lions Among Photos of the Year,NEGATIVE
moroccoworldnews,https://www.moroccoworldnews.com/news-2/43,Akhannouch to Head Morocco’s Delegation to Davos,POSITIVE
moroccoworldnews,https://www.moroccoworldnews.com/news-2/43,CHAN: Moroccan Alliance of Sports Journalists Condemns Algeria’s Hateful Acts Against Moroccans,POSITIVE
moroccoworldnews,https://www.moroccoworldnews.com/news-2/45,Forbes Spotlights Morocco’s Rich Ecotourism Potential,NEGATIVE
moroccoworldnews,https://www.moroccoworldnews.com/news-2/45,Bipartisan Group of US Senators Stresses ‘Significance’ of US-Morocco Cooperation,NEGATIVE
moroccoworldnews,https://www.moroccoworldnews.com/news-2/45,CHAN: Morocco Players Leave Rabat Airport After Being Denied Flight Authorization to Algeria,NEGATIVE
moroccoworldnews,https://www.moroccoworldnews.com/news-2/45,"Police Intervene, Reassure after False Car Bomb Alert in Casablanca",POSITIVE
moroccoworldnews,https://www.moroccoworldnews.com/news-2/45,CHAN: CAF President Recognizes Algeria’s ‘Blockade’ on Morocco,POSITIVE
moroccoworldnews,https://www.moroccoworldnews.com/news-2/45,Digital Public Services: CNDP to Become a Service-Oriented Institution,NEGATIVE
moroccoworldnews,https://www.moroccoworldnews.com/news-2/45,Club World Cup: AC Wydad Faces Al Hilal,NEGATIVE
moroccoworldnews,https://www.moroccoworldnews.com/news-2/45,Lekjaa: Depriving Morocco’s Team of Participating in CHAN is a Shame,NEGATIVE
moroccoworldnews,https://www.moroccoworldnews.com/news-2/45,"Club World Cup Draw: FIFA, CAF Presidents Arrive in Morocco",NEGATIVE
moroccoworldnews,https://www.moroccoworldnews.com/news-2/45,Peru Seeks to Regain Access to Moroccan Fertilizer Shipments,NEGATIVE
moroccoworldnews,https://www.moroccoworldnews.com/news-2/45,Abraham Accords: Bipartisan Delegation of US Senators Arrives in Morocco,POSITIVE
moroccoworldnews,https://www.moroccoworldnews.com/news-2/45,CHAN: Morocco’s Team Ready to Fly to Constantine Pending Algerian Response,POSITIVE
moroccoworldnews,https://www.moroccoworldnews.com/news-2/46,Moroccan Passport Still Ranks 80th Worldwide,NEGATIVE
moroccoworldnews,https://www.moroccoworldnews.com/news-2/46,Morocco’s Government Details Its Plan to Accelerate Amazigh Officialization,POSITIVE
moroccoworldnews,https://www.moroccoworldnews.com/news-2/46,FIFA Unveils Official Emblem of Club World Cup Morocco 2022,POSITIVE
moroccoworldnews,https://www.moroccoworldnews.com/news-2/46,"Best FIFA Football Awards: Morocco’s Regragui, Hakimi, and Bounou Among Nominees",POSITIVE
moroccoworldnews,https://www.moroccoworldnews.com/news-2/46,Morocco’s Sofyan Amrabat ‘Wants’ to Join Atletico Madrid,POSITIVE
moroccoworldnews,https://www.moroccoworldnews.com/news-2/46,AC Milan Joins Race to Sign Morocco’s Azzedine Ounahi,NEGATIVE
moroccoworldnews,https://www.moroccoworldnews.com/news-2/46,‘The place to be’: Nobu Hotel Opening in Marrakech This Month,POSITIVE
moroccoworldnews,https://www.moroccoworldnews.com/news-2/46,World Bank Projects Morocco’s Economic Growth to Average 3.5% in 2023,POSITIVE
moroccoworldnews,https://www.moroccoworldnews.com/news-2/46,"CDP, Sustainalytics Highlight Improvement in OCP Group's Sustainability Efforts",POSITIVE
moroccoworldnews,https://www.moroccoworldnews.com/news-2/46,Nasser Bourita: Africa Has the World’s Highest Remittance Transfer Fees,POSITIVE
moroccoworldnews,https://www.moroccoworldnews.com/news-2/46,Infantino and Motsepe to Attend 2023 Club World Cup Draw in Morocco,POSITIVE
moroccoworldnews,https://www.moroccoworldnews.com/news-2/46,Value of Egyptian Pound Drops to Unprecedented Levels,POSITIVE
moroccoworldnews,https://www.moroccoworldnews.com/news-2/47,Morocco Officially Not Participating in CHAN 2023 in Algeria,POSITIVE
moroccoworldnews,https://www.moroccoworldnews.com/news-2/47,"Morocco, Spain Seal Cooperation Protocol to Digitize Maritime Traffic",POSITIVE
moroccoworldnews,https://www.moroccoworldnews.com/news-2/47,Tax Authorities to Gain Access to Bank Accounts of Moroccans Residing Abroad,POSITIVE
moroccoworldnews,https://www.moroccoworldnews.com/news-2/47,Morocco's National U-17 to Play Two Friendly Matches Against France,POSITIVE
moroccoworldnews,https://www.moroccoworldnews.com/news-2/47,French Football Federation President ‘Steps Down’ After Remarks Against Zidane,POSITIVE
moroccoworldnews,https://www.moroccoworldnews.com/news-2/47,Youssef En-Nesyri Pledges Loyalty to Sevilla Amid Transfer Rumors,NEGATIVE
moroccoworldnews,https://www.moroccoworldnews.com/news-2/47,King Felipe VI: Morocco-Spain Ties Are Progressing on ‘Stronger’ Basis,POSITIVE
moroccoworldnews,https://www.moroccoworldnews.com/news-2/47,Morocco Expands Health Coverage to over 32 Million Irregular Economy Workers,POSITIVE
moroccoworldnews,https://www.moroccoworldnews.com/news-2/47,"Over 3,700 Flights Disrupted Following a Glitch in US Aviation System",POSITIVE
moroccoworldnews,https://www.moroccoworldnews.com/news-2/47,Morocco-Spain High Level Meeting Confirmed for February 1 in Rabat,POSITIVE
moroccoworldnews,https://www.moroccoworldnews.com/news-2/47,TLS Contact Under Scrutiny in Morocco For Data Misuse,POSITIVE
moroccoworldnews,https://www.moroccoworldnews.com/news-2/47,"CHAN: Amid Algerian Ambiguity, Morocco’s U23 Football Players Rejoin Their Clubs",NEGATIVE
moroccoworldnews,https://www.moroccoworldnews.com/news-2/48,Morocco to Develop Application to Accelerate Tamazight Learning,POSITIVE
moroccoworldnews,https://www.moroccoworldnews.com/news-2/48,"Morocco, Spain Team Up to Dismantle Three-Member ISIS Cell",POSITIVE
moroccoworldnews,https://www.moroccoworldnews.com/news-2/48,Manal Benchlikha Shares Frustration After Visa Rejection From France,POSITIVE
moroccoworldnews,https://www.moroccoworldnews.com/news-2/48,King Mohammed VI Grants Pardon to 991 Convicts for Independence Manifesto Day,POSITIVE
moroccoworldnews,https://www.moroccoworldnews.com/news-2/48,The EU Chooses to Extend Green Energy Deal With Morocco,NEGATIVE
moroccoworldnews,https://www.moroccoworldnews.com/news-2/48,US Officials Emphasize Regional Cooperation Ahead of Negev Forum,NEGATIVE
moroccoworldnews,https://www.moroccoworldnews.com/news-2/48,UN Report Expects Earth’s Ozone Layer to Recover Within 40 Years,POSITIVE
moroccoworldnews,https://www.moroccoworldnews.com/news-2/48,Yennayer: Morocco Celebrates the Amazigh New Year,POSITIVE
moroccoworldnews,https://www.moroccoworldnews.com/news-2/48,"Cow Disease: Morocco Suspends Cattle Imports From UK, Northern Ireland",POSITIVE
moroccoworldnews,https://www.moroccoworldnews.com/news-2/48,Demand for Commercial Real Estate in Morocco Continues to Slide in 2022,POSITIVE
moroccoworldnews,https://www.moroccoworldnews.com/news-2/48,Hakimi’s Wife Hiba Abouk Shuts Down Separation Rumors,NEGATIVE
moroccoworldnews,https://www.moroccoworldnews.com/news-2/48,West Ham Keen on Signing Youssef En-Nesyri,POSITIVE
moroccoworldnews,https://www.moroccoworldnews.com/news-2/49,Morocco Leads in Qualification for Katara Quran Award Finals in Qatar,NEGATIVE
moroccoworldnews,https://www.moroccoworldnews.com/news-2/49,Moroccan Households’ Confidence At Its Lowest Since 2008,POSITIVE
moroccoworldnews,https://www.moroccoworldnews.com/news-2/49,University Professor in Sudan Examines Students on Achraf Hakim’s Free Kick,NEGATIVE
moroccoworldnews,https://www.moroccoworldnews.com/news-2/49,Taxi Driver Scams Tourist in Morocco’s Agadir,NEGATIVE
moroccoworldnews,https://www.moroccoworldnews.com/news-2/49,Pedro Sanchez Reiterates Commitment to Spain-Morocco Relations Roadmap,POSITIVE
moroccoworldnews,https://www.moroccoworldnews.com/news-2/49,Tangier: Police Arrest Raqi over Charges of Sexually Assaulting 11 Women,POSITIVE
moroccoworldnews,https://www.moroccoworldnews.com/news-2/49,Saudi Arabia Lifts COVID-Related Restrictions on Hajj,NEGATIVE
moroccoworldnews,https://www.moroccoworldnews.com/news-2/49,"Abdellatif Ouahbi Dismisses Calls to Step Down, Says His Conscience Is ‘Clear’",NEGATIVE
moroccoworldnews,https://www.moroccoworldnews.com/news-2/49,Three Moroccan Female Referees to Officiate 2023 FIFA Women’s World Cup,NEGATIVE
moroccoworldnews,https://www.moroccoworldnews.com/news-2/49,Social Disparities Deepen Education Inequality in Morocco,POSITIVE
moroccoworldnews,https://www.moroccoworldnews.com/news-2/49,"Morocco Loses Six Spots, Ranks 61st in 2023 Global Firepower Index",NEGATIVE
moroccoworldnews,https://www.moroccoworldnews.com/news-2/49,Ex-French Ambassador to Algeria Warns of ‘Algeria’s Collapse’,POSITIVE
moroccoworldnews,https://www.moroccoworldnews.com/news-2/50,King Mohammed VI Sends Condolences to Senegal President Over Tragic Bus Crash,POSITIVE
moroccoworldnews,https://www.moroccoworldnews.com/news-2/50,"Morocco’s Agriculture, Maritime Exports Exceed $7.79 Billion Threshold in 2022",NEGATIVE
moroccoworldnews,https://www.moroccoworldnews.com/news-2/50,Morocco's Police Chief Attends Regional Security Conference in UAE,POSITIVE
moroccoworldnews,https://www.moroccoworldnews.com/news-2/50,Arrests Made as Protestors Attack Government Offices in Brazil,NEGATIVE
moroccoworldnews,https://www.moroccoworldnews.com/news-2/50,"Football Stars Mbappe, Hakimi Spend Vacation in Marrakech",NEGATIVE
moroccoworldnews,https://www.moroccoworldnews.com/news-2/50,Israel’s Security Minister Bans Flying Palestine’s Flag in Public,NEGATIVE
moroccoworldnews,https://www.moroccoworldnews.com/news-2/50,Casablanca to Host Fifth ‘Industry Mornings’ to Discuss Morocco’s Water Management,POSITIVE
moroccoworldnews,https://www.moroccoworldnews.com/news-2/50,Mazraoui Set to Miss 8 Weeks of Action with Bayern Munich Over Health Issues,POSITIVE
moroccoworldnews,https://www.moroccoworldnews.com/news-2/50,Campaign Calls for Morocco’s Justice Minister Abdellatif Ouahbi to Resign,POSITIVE
moroccoworldnews,https://www.moroccoworldnews.com/news-2/50,Algeria’s News Agency Omits Morocco from List of CHAN Winners,POSITIVE
moroccoworldnews,https://www.moroccoworldnews.com/news-2/50,Walid Regragui Ranked World’s Third-Best National Team Manager,POSITIVE
moroccoworldnews,https://www.moroccoworldnews.com/news-2/50,Moroccan Political Parties Condemn Handling of Bar Exam,POSITIVE
